{
    "timestamp_str": "2026-01-05 21:27:52",
    "filename_ts": "20260105212752",
    "metadata": {
        "serial": "F6F6F6F6",
        "label": "NO_LABEL",
        "fs": "FAT12"
    },
    "unstable_spots": [],
    "stable_bad_spots": [
        "T:00 H:0",
        "T:25 H:1",
        "T:50 H:1",
        "T:51 H:1",
        "T:52 H:1",
        "T:53 H:1",
        "T:54 H:1",
        "T:55 H:1",
        "T:56 H:1",
        "T:57 H:1",
        "T:58 H:1",
        "T:59 H:1",
        "T:60 H:1",
        "T:61 H:1",
        "T:62 H:1",
        "T:63 H:1",
        "T:64 H:1",
        "T:65 H:1",
        "T:66 H:1",
        "T:67 H:1",
        "T:68 H:1",
        "T:69 H:1",
        "T:70 H:1",
        "T:71 H:1",
        "T:72 H:1",
        "T:73 H:1",
        "T:74 H:1",
        "T:75 H:1",
        "T:76 H:1",
        "T:77 H:1",
        "T:78 H:1",
        "T:79 H:1"
    ],
    "disk_map": [
        "STABLE_BAD",
        "STABLE_OK",
        "STABLE_OK",
        "STABLE_OK",
        "STABLE_OK",
        "STABLE_OK",
        "STABLE_OK",
        "STABLE_OK",
        "STABLE_OK",
        "STABLE_OK",
        "STABLE_OK",
        "STABLE_OK",
        "STABLE_OK",
        "STABLE_OK",
        "STABLE_OK",
        "STABLE_OK",
        "STABLE_OK",
        "STABLE_OK",
        "STABLE_OK",
        "STABLE_OK",
        "STABLE_OK",
        "STABLE_OK",
        "STABLE_OK",
        "STABLE_OK",
        "STABLE_OK",
        "STABLE_OK",
        "STABLE_OK",
        "STABLE_OK",
        "STABLE_OK",
        "STABLE_OK",
        "STABLE_OK",
        "STABLE_OK",
        "STABLE_OK",
        "STABLE_OK",
        "STABLE_OK",
        "STABLE_OK",
        "STABLE_OK",
        "STABLE_OK",
        "STABLE_OK",
        "STABLE_OK",
        "STABLE_OK",
        "STABLE_OK",
        "STABLE_OK",
        "STABLE_OK",
        "STABLE_OK",
        "STABLE_OK",
        "STABLE_OK",
        "STABLE_OK",
        "STABLE_OK",
        "STABLE_OK",
        "STABLE_OK",
        "STABLE_BAD",
        "STABLE_OK",
        "STABLE_OK",
        "STABLE_OK",
        "STABLE_OK",
        "STABLE_OK",
        "STABLE_OK",
        "STABLE_OK",
        "STABLE_OK",
        "STABLE_OK",
        "STABLE_OK",
        "STABLE_OK",
        "STABLE_OK",
        "STABLE_OK",
        "STABLE_OK",
        "STABLE_OK",
        "STABLE_OK",
        "STABLE_OK",
        "STABLE_OK",
        "STABLE_OK",
        "STABLE_OK",
        "STABLE_OK",
        "STABLE_OK",
        "STABLE_OK",
        "STABLE_OK",
        "STABLE_OK",
        "STABLE_OK",
        "STABLE_OK",
        "STABLE_OK",
        "STABLE_OK",
        "STABLE_OK",
        "STABLE_OK",
        "STABLE_OK",
        "STABLE_OK",
        "STABLE_OK",
        "STABLE_OK",
        "STABLE_OK",
        "STABLE_OK",
        "STABLE_OK",
        "STABLE_OK",
        "STABLE_OK",
        "STABLE_OK",
        "STABLE_OK",
        "STABLE_OK",
        "STABLE_OK",
        "STABLE_OK",
        "STABLE_OK",
        "STABLE_OK",
        "STABLE_OK",
        "STABLE_OK",
        "STABLE_BAD",
        "STABLE_OK",
        "STABLE_BAD",
        "STABLE_OK",
        "STABLE_BAD",
        "STABLE_OK",
        "STABLE_BAD",
        "STABLE_OK",
        "STABLE_BAD",
        "STABLE_OK",
        "STABLE_BAD",
        "STABLE_OK",
        "STABLE_BAD",
        "STABLE_OK",
        "STABLE_BAD",
        "STABLE_OK",
        "STABLE_BAD",
        "STABLE_OK",
        "STABLE_BAD",
        "STABLE_OK",
        "STABLE_BAD",
        "STABLE_OK",
        "STABLE_BAD",
        "STABLE_OK",
        "STABLE_BAD",
        "STABLE_OK",
        "STABLE_BAD",
        "STABLE_OK",
        "STABLE_BAD",
        "STABLE_OK",
        "STABLE_BAD",
        "STABLE_OK",
        "STABLE_BAD",
        "STABLE_OK",
        "STABLE_BAD",
        "STABLE_OK",
        "STABLE_BAD",
        "STABLE_OK",
        "STABLE_BAD",
        "STABLE_OK",
        "STABLE_BAD",
        "STABLE_OK",
        "STABLE_BAD",
        "STABLE_OK",
        "STABLE_BAD",
        "STABLE_OK",
        "STABLE_BAD",
        "STABLE_OK",
        "STABLE_BAD",
        "STABLE_OK",
        "STABLE_BAD",
        "STABLE_OK",
        "STABLE_BAD",
        "STABLE_OK",
        "STABLE_BAD",
        "STABLE_OK",
        "STABLE_BAD",
        "STABLE_OK",
        "STABLE_BAD"
    ]
}