{
    "timestamp_str": "2026-01-05 21:54:13",
    "filename_ts": "20260105215413",
    "metadata": {
        "serial": "00000000",
        "label": "\u0000\u0000\u0000\u0000\u0012\u0000\u0000\u0000\u0000\u0001\u0000",
        "fs": "FAT12"
    },
    "unstable_spots": [
        "T:16 H:0 (1/2)"
    ],
    "stable_bad_spots": [
        "T:40 H:0",
        "T:40 H:1",
        "T:41 H:0",
        "T:41 H:1",
        "T:42 H:0",
        "T:42 H:1",
        "T:43 H:0",
        "T:43 H:1",
        "T:44 H:0",
        "T:44 H:1",
        "T:45 H:0",
        "T:45 H:1",
        "T:46 H:0",
        "T:46 H:1",
        "T:47 H:0",
        "T:47 H:1",
        "T:48 H:0",
        "T:48 H:1",
        "T:49 H:0",
        "T:49 H:1",
        "T:50 H:0",
        "T:50 H:1",
        "T:51 H:0",
        "T:51 H:1",
        "T:52 H:0",
        "T:52 H:1",
        "T:53 H:0",
        "T:53 H:1",
        "T:54 H:0",
        "T:54 H:1",
        "T:55 H:0",
        "T:55 H:1",
        "T:56 H:0",
        "T:56 H:1",
        "T:57 H:0",
        "T:57 H:1",
        "T:58 H:0",
        "T:58 H:1",
        "T:59 H:0",
        "T:59 H:1",
        "T:60 H:0",
        "T:60 H:1",
        "T:61 H:0",
        "T:61 H:1",
        "T:62 H:0",
        "T:62 H:1",
        "T:63 H:0",
        "T:63 H:1",
        "T:64 H:0",
        "T:64 H:1",
        "T:65 H:0",
        "T:65 H:1",
        "T:66 H:0",
        "T:66 H:1",
        "T:67 H:0",
        "T:67 H:1",
        "T:68 H:0",
        "T:68 H:1",
        "T:69 H:0",
        "T:69 H:1",
        "T:70 H:0",
        "T:70 H:1",
        "T:71 H:0",
        "T:71 H:1",
        "T:72 H:0",
        "T:72 H:1",
        "T:73 H:0",
        "T:73 H:1",
        "T:74 H:0",
        "T:74 H:1",
        "T:75 H:0",
        "T:75 H:1",
        "T:76 H:0",
        "T:76 H:1",
        "T:77 H:0",
        "T:77 H:1",
        "T:78 H:0",
        "T:78 H:1",
        "T:79 H:0",
        "T:79 H:1"
    ],
    "disk_map": [
        "STABLE_OK",
        "STABLE_OK",
        "STABLE_OK",
        "STABLE_OK",
        "STABLE_OK",
        "STABLE_OK",
        "STABLE_OK",
        "STABLE_OK",
        "STABLE_OK",
        "STABLE_OK",
        "STABLE_OK",
        "STABLE_OK",
        "STABLE_OK",
        "STABLE_OK",
        "STABLE_OK",
        "STABLE_OK",
        "STABLE_OK",
        "STABLE_OK",
        "STABLE_OK",
        "STABLE_OK",
        "STABLE_OK",
        "STABLE_OK",
        "STABLE_OK",
        "STABLE_OK",
        "STABLE_OK",
        "STABLE_OK",
        "STABLE_OK",
        "STABLE_OK",
        "STABLE_OK",
        "STABLE_OK",
        "STABLE_OK",
        "STABLE_OK",
        "UNSTABLE",
        "STABLE_OK",
        "STABLE_OK",
        "STABLE_OK",
        "STABLE_OK",
        "STABLE_OK",
        "STABLE_OK",
        "STABLE_OK",
        "STABLE_OK",
        "STABLE_OK",
        "STABLE_OK",
        "STABLE_OK",
        "STABLE_OK",
        "STABLE_OK",
        "STABLE_OK",
        "STABLE_OK",
        "STABLE_OK",
        "STABLE_OK",
        "STABLE_OK",
        "STABLE_OK",
        "STABLE_OK",
        "STABLE_OK",
        "STABLE_OK",
        "STABLE_OK",
        "STABLE_OK",
        "STABLE_OK",
        "STABLE_OK",
        "STABLE_OK",
        "STABLE_OK",
        "STABLE_OK",
        "STABLE_OK",
        "STABLE_OK",
        "STABLE_OK",
        "STABLE_OK",
        "STABLE_OK",
        "STABLE_OK",
        "STABLE_OK",
        "STABLE_OK",
        "STABLE_OK",
        "STABLE_OK",
        "STABLE_OK",
        "STABLE_OK",
        "STABLE_OK",
        "STABLE_OK",
        "STABLE_OK",
        "STABLE_OK",
        "STABLE_OK",
        "STABLE_OK",
        "STABLE_BAD",
        "STABLE_BAD",
        "STABLE_BAD",
        "STABLE_BAD",
        "STABLE_BAD",
        "STABLE_BAD",
        "STABLE_BAD",
        "STABLE_BAD",
        "STABLE_BAD",
        "STABLE_BAD",
        "STABLE_BAD",
        "STABLE_BAD",
        "STABLE_BAD",
        "STABLE_BAD",
        "STABLE_BAD",
        "STABLE_BAD",
        "STABLE_BAD",
        "STABLE_BAD",
        "STABLE_BAD",
        "STABLE_BAD",
        "STABLE_BAD",
        "STABLE_BAD",
        "STABLE_BAD",
        "STABLE_BAD",
        "STABLE_BAD",
        "STABLE_BAD",
        "STABLE_BAD",
        "STABLE_BAD",
        "STABLE_BAD",
        "STABLE_BAD",
        "STABLE_BAD",
        "STABLE_BAD",
        "STABLE_BAD",
        "STABLE_BAD",
        "STABLE_BAD",
        "STABLE_BAD",
        "STABLE_BAD",
        "STABLE_BAD",
        "STABLE_BAD",
        "STABLE_BAD",
        "STABLE_BAD",
        "STABLE_BAD",
        "STABLE_BAD",
        "STABLE_BAD",
        "STABLE_BAD",
        "STABLE_BAD",
        "STABLE_BAD",
        "STABLE_BAD",
        "STABLE_BAD",
        "STABLE_BAD",
        "STABLE_BAD",
        "STABLE_BAD",
        "STABLE_BAD",
        "STABLE_BAD",
        "STABLE_BAD",
        "STABLE_BAD",
        "STABLE_BAD",
        "STABLE_BAD",
        "STABLE_BAD",
        "STABLE_BAD",
        "STABLE_BAD",
        "STABLE_BAD",
        "STABLE_BAD",
        "STABLE_BAD",
        "STABLE_BAD",
        "STABLE_BAD",
        "STABLE_BAD",
        "STABLE_BAD",
        "STABLE_BAD",
        "STABLE_BAD",
        "STABLE_BAD",
        "STABLE_BAD",
        "STABLE_BAD",
        "STABLE_BAD",
        "STABLE_BAD",
        "STABLE_BAD",
        "STABLE_BAD",
        "STABLE_BAD",
        "STABLE_BAD",
        "STABLE_BAD"
    ]
}