{
    "timestamp_str": "2026-01-02 01:59:29",
    "filename_ts": "20260102015929",
    "metadata": {
        "serial": "8B6DAAA3",
        "label": "90C1C0D2736",
        "fs": "FAT12"
    },
    "unstable_spots": [
        "T:20 H:1 (1/2)"
    ],
    "stable_bad_spots": [
        "T:07 H:1",
        "T:10 H:0",
        "T:10 H:1",
        "T:11 H:0",
        "T:11 H:1",
        "T:12 H:0",
        "T:15 H:0",
        "T:15 H:1",
        "T:16 H:0",
        "T:16 H:1",
        "T:17 H:0",
        "T:17 H:1",
        "T:18 H:0",
        "T:18 H:1",
        "T:19 H:0",
        "T:19 H:1",
        "T:21 H:0",
        "T:21 H:1",
        "T:22 H:0",
        "T:22 H:1",
        "T:23 H:1",
        "T:24 H:0",
        "T:24 H:1",
        "T:25 H:0",
        "T:25 H:1",
        "T:26 H:0",
        "T:26 H:1",
        "T:27 H:0",
        "T:27 H:1",
        "T:28 H:0",
        "T:28 H:1",
        "T:29 H:0",
        "T:29 H:1",
        "T:30 H:0",
        "T:30 H:1",
        "T:79 H:0",
        "T:79 H:1"
    ],
    "found_files": [
        "IO.SYS",
        "DRVSPACE.BIN",
        "MSDOS.SYS",
        "COMMAND.COM",
        "MARIO."
    ],
    "disk_map": [
        "STABLE_OK",
        "STABLE_OK",
        "STABLE_OK",
        "STABLE_OK",
        "STABLE_OK",
        "STABLE_OK",
        "STABLE_OK",
        "STABLE_OK",
        "STABLE_OK",
        "STABLE_OK",
        "STABLE_OK",
        "STABLE_OK",
        "STABLE_OK",
        "STABLE_OK",
        "STABLE_OK",
        "STABLE_BAD",
        "STABLE_OK",
        "STABLE_OK",
        "STABLE_OK",
        "STABLE_OK",
        "STABLE_BAD",
        "STABLE_BAD",
        "STABLE_BAD",
        "STABLE_BAD",
        "STABLE_BAD",
        "STABLE_OK",
        "STABLE_OK",
        "STABLE_OK",
        "STABLE_OK",
        "STABLE_OK",
        "STABLE_BAD",
        "STABLE_BAD",
        "STABLE_BAD",
        "STABLE_BAD",
        "STABLE_BAD",
        "STABLE_BAD",
        "STABLE_BAD",
        "STABLE_BAD",
        "STABLE_BAD",
        "STABLE_BAD",
        "STABLE_OK",
        "UNSTABLE",
        "STABLE_BAD",
        "STABLE_BAD",
        "STABLE_BAD",
        "STABLE_BAD",
        "STABLE_OK",
        "STABLE_BAD",
        "STABLE_BAD",
        "STABLE_BAD",
        "STABLE_BAD",
        "STABLE_BAD",
        "STABLE_BAD",
        "STABLE_BAD",
        "STABLE_BAD",
        "STABLE_BAD",
        "STABLE_BAD",
        "STABLE_BAD",
        "STABLE_BAD",
        "STABLE_BAD",
        "STABLE_BAD",
        "STABLE_BAD",
        "STABLE_OK",
        "STABLE_OK",
        "STABLE_OK",
        "STABLE_OK",
        "STABLE_OK",
        "STABLE_OK",
        "STABLE_OK",
        "STABLE_OK",
        "STABLE_OK",
        "STABLE_OK",
        "STABLE_OK",
        "STABLE_OK",
        "STABLE_OK",
        "STABLE_OK",
        "STABLE_OK",
        "STABLE_OK",
        "STABLE_OK",
        "STABLE_OK",
        "STABLE_OK",
        "STABLE_OK",
        "STABLE_OK",
        "STABLE_OK",
        "STABLE_OK",
        "STABLE_OK",
        "STABLE_OK",
        "STABLE_OK",
        "STABLE_OK",
        "STABLE_OK",
        "STABLE_OK",
        "STABLE_OK",
        "STABLE_OK",
        "STABLE_OK",
        "STABLE_OK",
        "STABLE_OK",
        "STABLE_OK",
        "STABLE_OK",
        "STABLE_OK",
        "STABLE_OK",
        "STABLE_OK",
        "STABLE_OK",
        "STABLE_OK",
        "STABLE_OK",
        "STABLE_OK",
        "STABLE_OK",
        "STABLE_OK",
        "STABLE_OK",
        "STABLE_OK",
        "STABLE_OK",
        "STABLE_OK",
        "STABLE_OK",
        "STABLE_OK",
        "STABLE_OK",
        "STABLE_OK",
        "STABLE_OK",
        "STABLE_OK",
        "STABLE_OK",
        "STABLE_OK",
        "STABLE_OK",
        "STABLE_OK",
        "STABLE_OK",
        "STABLE_OK",
        "STABLE_OK",
        "STABLE_OK",
        "STABLE_OK",
        "STABLE_OK",
        "STABLE_OK",
        "STABLE_OK",
        "STABLE_OK",
        "STABLE_OK",
        "STABLE_OK",
        "STABLE_OK",
        "STABLE_OK",
        "STABLE_OK",
        "STABLE_OK",
        "STABLE_OK",
        "STABLE_OK",
        "STABLE_OK",
        "STABLE_OK",
        "STABLE_OK",
        "STABLE_OK",
        "STABLE_OK",
        "STABLE_OK",
        "STABLE_OK",
        "STABLE_OK",
        "STABLE_OK",
        "STABLE_OK",
        "STABLE_OK",
        "STABLE_OK",
        "STABLE_OK",
        "STABLE_OK",
        "STABLE_OK",
        "STABLE_OK",
        "STABLE_OK",
        "STABLE_OK",
        "STABLE_OK",
        "STABLE_OK",
        "STABLE_BAD",
        "STABLE_BAD"
    ]
}