{
    "timestamp_str": "2026-01-06 08:46:14",
    "filename_ts": "20260106084614",
    "metadata": {
        "serial": "UNKNOWN",
        "label": "NO_LABEL",
        "fs": "FAT12"
    },
    "unstable_spots": [
        "T:00 H:0 (1/2)",
        "T:00 H:1 (1/2)",
        "T:01 H:0 (1/2)",
        "T:01 H:1 (1/2)",
        "T:02 H:0 (1/2)",
        "T:03 H:0 (1/2)",
        "T:03 H:1 (1/2)",
        "T:04 H:0 (1/2)",
        "T:04 H:1 (1/2)",
        "T:05 H:0 (1/2)",
        "T:36 H:1 (1/2)",
        "T:37 H:0 (1/2)",
        "T:37 H:1 (1/2)",
        "T:53 H:1 (1/2)",
        "T:54 H:1 (1/2)",
        "T:55 H:1 (1/2)",
        "T:56 H:1 (1/2)",
        "T:59 H:1 (1/2)",
        "T:69 H:1 (1/2)",
        "T:70 H:1 (1/2)",
        "T:71 H:1 (1/2)",
        "T:72 H:1 (1/2)",
        "T:73 H:1 (1/2)",
        "T:75 H:1 (1/2)",
        "T:76 H:1 (1/2)",
        "T:79 H:1 (1/2)"
    ],
    "stable_bad_spots": [
        "T:60 H:1",
        "T:61 H:1",
        "T:74 H:1"
    ],
    "disk_map": [
        "UNSTABLE",
        "UNSTABLE",
        "UNSTABLE",
        "UNSTABLE",
        "UNSTABLE",
        "STABLE_OK",
        "UNSTABLE",
        "UNSTABLE",
        "UNSTABLE",
        "UNSTABLE",
        "UNSTABLE",
        "STABLE_OK",
        "STABLE_OK",
        "STABLE_OK",
        "STABLE_OK",
        "STABLE_OK",
        "STABLE_OK",
        "STABLE_OK",
        "STABLE_OK",
        "STABLE_OK",
        "STABLE_OK",
        "STABLE_OK",
        "STABLE_OK",
        "STABLE_OK",
        "STABLE_OK",
        "STABLE_OK",
        "STABLE_OK",
        "STABLE_OK",
        "STABLE_OK",
        "STABLE_OK",
        "STABLE_OK",
        "STABLE_OK",
        "STABLE_OK",
        "STABLE_OK",
        "STABLE_OK",
        "STABLE_OK",
        "STABLE_OK",
        "STABLE_OK",
        "STABLE_OK",
        "STABLE_OK",
        "STABLE_OK",
        "STABLE_OK",
        "STABLE_OK",
        "STABLE_OK",
        "STABLE_OK",
        "STABLE_OK",
        "STABLE_OK",
        "STABLE_OK",
        "STABLE_OK",
        "STABLE_OK",
        "STABLE_OK",
        "STABLE_OK",
        "STABLE_OK",
        "STABLE_OK",
        "STABLE_OK",
        "STABLE_OK",
        "STABLE_OK",
        "STABLE_OK",
        "STABLE_OK",
        "STABLE_OK",
        "STABLE_OK",
        "STABLE_OK",
        "STABLE_OK",
        "STABLE_OK",
        "STABLE_OK",
        "STABLE_OK",
        "STABLE_OK",
        "STABLE_OK",
        "STABLE_OK",
        "STABLE_OK",
        "STABLE_OK",
        "STABLE_OK",
        "STABLE_OK",
        "UNSTABLE",
        "UNSTABLE",
        "UNSTABLE",
        "STABLE_OK",
        "STABLE_OK",
        "STABLE_OK",
        "STABLE_OK",
        "STABLE_OK",
        "STABLE_OK",
        "STABLE_OK",
        "STABLE_OK",
        "STABLE_OK",
        "STABLE_OK",
        "STABLE_OK",
        "STABLE_OK",
        "STABLE_OK",
        "STABLE_OK",
        "STABLE_OK",
        "STABLE_OK",
        "STABLE_OK",
        "STABLE_OK",
        "STABLE_OK",
        "STABLE_OK",
        "STABLE_OK",
        "STABLE_OK",
        "STABLE_OK",
        "STABLE_OK",
        "STABLE_OK",
        "STABLE_OK",
        "STABLE_OK",
        "STABLE_OK",
        "STABLE_OK",
        "STABLE_OK",
        "STABLE_OK",
        "UNSTABLE",
        "STABLE_OK",
        "UNSTABLE",
        "STABLE_OK",
        "UNSTABLE",
        "STABLE_OK",
        "UNSTABLE",
        "STABLE_OK",
        "STABLE_OK",
        "STABLE_OK",
        "STABLE_OK",
        "STABLE_OK",
        "UNSTABLE",
        "STABLE_OK",
        "STABLE_BAD",
        "STABLE_OK",
        "STABLE_BAD",
        "STABLE_OK",
        "STABLE_OK",
        "STABLE_OK",
        "STABLE_OK",
        "STABLE_OK",
        "STABLE_OK",
        "STABLE_OK",
        "STABLE_OK",
        "STABLE_OK",
        "STABLE_OK",
        "STABLE_OK",
        "STABLE_OK",
        "STABLE_OK",
        "STABLE_OK",
        "STABLE_OK",
        "UNSTABLE",
        "STABLE_OK",
        "UNSTABLE",
        "STABLE_OK",
        "UNSTABLE",
        "STABLE_OK",
        "UNSTABLE",
        "STABLE_OK",
        "UNSTABLE",
        "STABLE_OK",
        "STABLE_BAD",
        "STABLE_OK",
        "UNSTABLE",
        "STABLE_OK",
        "UNSTABLE",
        "STABLE_OK",
        "STABLE_OK",
        "STABLE_OK",
        "STABLE_OK",
        "STABLE_OK",
        "UNSTABLE"
    ]
}