{
    "timestamp_str": "2026-01-04 13:17:02",
    "filename_ts": "20260104131702",
    "metadata": {
        "serial": "UNKNOWN",
        "label": "NO_LABEL",
        "fs": "FAT12"
    },
    "unstable_spots": [
        "T:07 H:1 (1/2)",
        "T:08 H:1 (1/2)",
        "T:09 H:1 (1/2)",
        "T:10 H:1 (1/2)",
        "T:69 H:1 (1/2)",
        "T:70 H:1 (1/2)",
        "T:71 H:1 (1/2)",
        "T:72 H:1 (1/2)"
    ],
    "stable_bad_spots": [
        "T:00 H:0",
        "T:01 H:0",
        "T:01 H:1",
        "T:02 H:0",
        "T:02 H:1",
        "T:03 H:0",
        "T:03 H:1",
        "T:73 H:1",
        "T:74 H:1",
        "T:75 H:1",
        "T:76 H:1",
        "T:77 H:1",
        "T:78 H:1",
        "T:79 H:1"
    ],
    "found_files": [],
    "disk_map": [
        "STABLE_BAD",
        "STABLE_OK",
        "STABLE_BAD",
        "STABLE_BAD",
        "STABLE_BAD",
        "STABLE_BAD",
        "STABLE_BAD",
        "STABLE_BAD",
        "STABLE_OK",
        "STABLE_OK",
        "STABLE_OK",
        "STABLE_OK",
        "STABLE_OK",
        "STABLE_OK",
        "STABLE_OK",
        "UNSTABLE",
        "STABLE_OK",
        "UNSTABLE",
        "STABLE_OK",
        "UNSTABLE",
        "STABLE_OK",
        "UNSTABLE",
        "STABLE_OK",
        "STABLE_OK",
        "STABLE_OK",
        "STABLE_OK",
        "STABLE_OK",
        "STABLE_OK",
        "STABLE_OK",
        "STABLE_OK",
        "STABLE_OK",
        "STABLE_OK",
        "STABLE_OK",
        "STABLE_OK",
        "STABLE_OK",
        "STABLE_OK",
        "STABLE_OK",
        "STABLE_OK",
        "STABLE_OK",
        "STABLE_OK",
        "STABLE_OK",
        "STABLE_OK",
        "STABLE_OK",
        "STABLE_OK",
        "STABLE_OK",
        "STABLE_OK",
        "STABLE_OK",
        "STABLE_OK",
        "STABLE_OK",
        "STABLE_OK",
        "STABLE_OK",
        "STABLE_OK",
        "STABLE_OK",
        "STABLE_OK",
        "STABLE_OK",
        "STABLE_OK",
        "STABLE_OK",
        "STABLE_OK",
        "STABLE_OK",
        "STABLE_OK",
        "STABLE_OK",
        "STABLE_OK",
        "STABLE_OK",
        "STABLE_OK",
        "STABLE_OK",
        "STABLE_OK",
        "STABLE_OK",
        "STABLE_OK",
        "STABLE_OK",
        "STABLE_OK",
        "STABLE_OK",
        "STABLE_OK",
        "STABLE_OK",
        "STABLE_OK",
        "STABLE_OK",
        "STABLE_OK",
        "STABLE_OK",
        "STABLE_OK",
        "STABLE_OK",
        "STABLE_OK",
        "STABLE_OK",
        "STABLE_OK",
        "STABLE_OK",
        "STABLE_OK",
        "STABLE_OK",
        "STABLE_OK",
        "STABLE_OK",
        "STABLE_OK",
        "STABLE_OK",
        "STABLE_OK",
        "STABLE_OK",
        "STABLE_OK",
        "STABLE_OK",
        "STABLE_OK",
        "STABLE_OK",
        "STABLE_OK",
        "STABLE_OK",
        "STABLE_OK",
        "STABLE_OK",
        "STABLE_OK",
        "STABLE_OK",
        "STABLE_OK",
        "STABLE_OK",
        "STABLE_OK",
        "STABLE_OK",
        "STABLE_OK",
        "STABLE_OK",
        "STABLE_OK",
        "STABLE_OK",
        "STABLE_OK",
        "STABLE_OK",
        "STABLE_OK",
        "STABLE_OK",
        "STABLE_OK",
        "STABLE_OK",
        "STABLE_OK",
        "STABLE_OK",
        "STABLE_OK",
        "STABLE_OK",
        "STABLE_OK",
        "STABLE_OK",
        "STABLE_OK",
        "STABLE_OK",
        "STABLE_OK",
        "STABLE_OK",
        "STABLE_OK",
        "STABLE_OK",
        "STABLE_OK",
        "STABLE_OK",
        "STABLE_OK",
        "STABLE_OK",
        "STABLE_OK",
        "STABLE_OK",
        "STABLE_OK",
        "STABLE_OK",
        "STABLE_OK",
        "STABLE_OK",
        "STABLE_OK",
        "STABLE_OK",
        "UNSTABLE",
        "STABLE_OK",
        "UNSTABLE",
        "STABLE_OK",
        "UNSTABLE",
        "STABLE_OK",
        "UNSTABLE",
        "STABLE_OK",
        "STABLE_BAD",
        "STABLE_OK",
        "STABLE_BAD",
        "STABLE_OK",
        "STABLE_BAD",
        "STABLE_OK",
        "STABLE_BAD",
        "STABLE_OK",
        "STABLE_BAD",
        "STABLE_OK",
        "STABLE_BAD",
        "STABLE_OK",
        "STABLE_BAD"
    ]
}