{
    "timestamp_str": "2026-01-05 20:51:11",
    "filename_ts": "20260105205111",
    "metadata": {
        "serial": "15060E5D",
        "label": "NO NAME",
        "fs": "FAT12"
    },
    "unstable_spots": [
        "T:00 H:0 (1/2)",
        "T:01 H:0 (1/2)",
        "T:01 H:1 (1/2)",
        "T:02 H:1 (1/2)",
        "T:14 H:1 (1/2)",
        "T:15 H:0 (1/2)",
        "T:18 H:1 (1/2)",
        "T:19 H:1 (1/2)",
        "T:34 H:1 (1/2)",
        "T:35 H:1 (1/2)",
        "T:36 H:1 (1/2)",
        "T:37 H:1 (1/2)",
        "T:74 H:1 (1/2)",
        "T:75 H:1 (1/2)",
        "T:77 H:1 (1/2)",
        "T:78 H:1 (1/2)"
    ],
    "stable_bad_spots": [
        "T:25 H:1",
        "T:26 H:1",
        "T:27 H:1",
        "T:28 H:1",
        "T:29 H:1",
        "T:76 H:1",
        "T:77 H:0",
        "T:78 H:0",
        "T:79 H:0",
        "T:79 H:1"
    ],
    "disk_map": [
        "UNSTABLE",
        "STABLE_OK",
        "UNSTABLE",
        "UNSTABLE",
        "STABLE_OK",
        "UNSTABLE",
        "STABLE_OK",
        "STABLE_OK",
        "STABLE_OK",
        "STABLE_OK",
        "STABLE_OK",
        "STABLE_OK",
        "STABLE_OK",
        "STABLE_OK",
        "STABLE_OK",
        "STABLE_OK",
        "STABLE_OK",
        "STABLE_OK",
        "STABLE_OK",
        "STABLE_OK",
        "STABLE_OK",
        "STABLE_OK",
        "STABLE_OK",
        "STABLE_OK",
        "STABLE_OK",
        "STABLE_OK",
        "STABLE_OK",
        "STABLE_OK",
        "STABLE_OK",
        "UNSTABLE",
        "UNSTABLE",
        "STABLE_OK",
        "STABLE_OK",
        "STABLE_OK",
        "STABLE_OK",
        "STABLE_OK",
        "STABLE_OK",
        "UNSTABLE",
        "STABLE_OK",
        "UNSTABLE",
        "STABLE_OK",
        "STABLE_OK",
        "STABLE_OK",
        "STABLE_OK",
        "STABLE_OK",
        "STABLE_OK",
        "STABLE_OK",
        "STABLE_OK",
        "STABLE_OK",
        "STABLE_OK",
        "STABLE_OK",
        "STABLE_BAD",
        "STABLE_OK",
        "STABLE_BAD",
        "STABLE_OK",
        "STABLE_BAD",
        "STABLE_OK",
        "STABLE_BAD",
        "STABLE_OK",
        "STABLE_BAD",
        "STABLE_OK",
        "STABLE_OK",
        "STABLE_OK",
        "STABLE_OK",
        "STABLE_OK",
        "STABLE_OK",
        "STABLE_OK",
        "STABLE_OK",
        "STABLE_OK",
        "UNSTABLE",
        "STABLE_OK",
        "UNSTABLE",
        "STABLE_OK",
        "UNSTABLE",
        "STABLE_OK",
        "UNSTABLE",
        "STABLE_OK",
        "STABLE_OK",
        "STABLE_OK",
        "STABLE_OK",
        "STABLE_OK",
        "STABLE_OK",
        "STABLE_OK",
        "STABLE_OK",
        "STABLE_OK",
        "STABLE_OK",
        "STABLE_OK",
        "STABLE_OK",
        "STABLE_OK",
        "STABLE_OK",
        "STABLE_OK",
        "STABLE_OK",
        "STABLE_OK",
        "STABLE_OK",
        "STABLE_OK",
        "STABLE_OK",
        "STABLE_OK",
        "STABLE_OK",
        "STABLE_OK",
        "STABLE_OK",
        "STABLE_OK",
        "STABLE_OK",
        "STABLE_OK",
        "STABLE_OK",
        "STABLE_OK",
        "STABLE_OK",
        "STABLE_OK",
        "STABLE_OK",
        "STABLE_OK",
        "STABLE_OK",
        "STABLE_OK",
        "STABLE_OK",
        "STABLE_OK",
        "STABLE_OK",
        "STABLE_OK",
        "STABLE_OK",
        "STABLE_OK",
        "STABLE_OK",
        "STABLE_OK",
        "STABLE_OK",
        "STABLE_OK",
        "STABLE_OK",
        "STABLE_OK",
        "STABLE_OK",
        "STABLE_OK",
        "STABLE_OK",
        "STABLE_OK",
        "STABLE_OK",
        "STABLE_OK",
        "STABLE_OK",
        "STABLE_OK",
        "STABLE_OK",
        "STABLE_OK",
        "STABLE_OK",
        "STABLE_OK",
        "STABLE_OK",
        "STABLE_OK",
        "STABLE_OK",
        "STABLE_OK",
        "STABLE_OK",
        "STABLE_OK",
        "STABLE_OK",
        "STABLE_OK",
        "STABLE_OK",
        "STABLE_OK",
        "STABLE_OK",
        "STABLE_OK",
        "STABLE_OK",
        "STABLE_OK",
        "UNSTABLE",
        "STABLE_OK",
        "UNSTABLE",
        "STABLE_OK",
        "STABLE_BAD",
        "STABLE_BAD",
        "UNSTABLE",
        "STABLE_BAD",
        "UNSTABLE",
        "STABLE_BAD",
        "STABLE_BAD"
    ]
}