{
    "timestamp_str": "2026-01-05 22:31:06",
    "filename_ts": "20260105223106",
    "metadata": {
        "serial": "00000000",
        "label": "\u0000\u0000\u0000\u0000\u0000\u0000\u0000\u0000\u0000\u0000\u0000",
        "fs": "FAT12"
    },
    "unstable_spots": [
        "T:01 H:1 (1/2)",
        "T:03 H:0 (1/2)",
        "T:08 H:0 (1/2)",
        "T:09 H:0 (1/2)",
        "T:10 H:0 (1/2)",
        "T:11 H:0 (1/2)",
        "T:12 H:0 (1/2)",
        "T:13 H:0 (1/2)",
        "T:14 H:0 (1/2)",
        "T:15 H:0 (1/2)",
        "T:16 H:0 (1/2)",
        "T:16 H:1 (1/2)",
        "T:17 H:0 (1/2)",
        "T:18 H:0 (1/2)",
        "T:19 H:0 (1/2)",
        "T:20 H:0 (1/2)",
        "T:21 H:0 (1/2)",
        "T:22 H:0 (1/2)",
        "T:23 H:0 (1/2)",
        "T:23 H:1 (1/2)",
        "T:24 H:0 (1/2)",
        "T:24 H:1 (1/2)",
        "T:25 H:0 (1/2)",
        "T:25 H:1 (1/2)",
        "T:26 H:0 (1/2)",
        "T:26 H:1 (1/2)",
        "T:27 H:0 (1/2)",
        "T:27 H:1 (1/2)",
        "T:28 H:0 (1/2)",
        "T:28 H:1 (1/2)",
        "T:29 H:0 (1/2)",
        "T:29 H:1 (1/2)",
        "T:30 H:0 (1/2)",
        "T:30 H:1 (1/2)",
        "T:31 H:0 (1/2)",
        "T:31 H:1 (1/2)",
        "T:32 H:0 (1/2)",
        "T:32 H:1 (1/2)",
        "T:33 H:0 (1/2)",
        "T:33 H:1 (1/2)",
        "T:34 H:0 (1/2)",
        "T:34 H:1 (1/2)",
        "T:35 H:0 (1/2)",
        "T:35 H:1 (1/2)",
        "T:36 H:0 (1/2)",
        "T:36 H:1 (1/2)",
        "T:37 H:0 (1/2)",
        "T:37 H:1 (1/2)",
        "T:38 H:0 (1/2)",
        "T:38 H:1 (1/2)",
        "T:39 H:0 (1/2)",
        "T:40 H:0 (1/2)",
        "T:43 H:0 (1/2)",
        "T:44 H:0 (1/2)",
        "T:45 H:0 (1/2)",
        "T:46 H:0 (1/2)",
        "T:47 H:0 (1/2)",
        "T:50 H:1 (1/2)",
        "T:51 H:1 (1/2)",
        "T:52 H:0 (1/2)",
        "T:52 H:1 (1/2)",
        "T:53 H:0 (1/2)",
        "T:53 H:1 (1/2)",
        "T:54 H:0 (1/2)",
        "T:55 H:0 (1/2)",
        "T:55 H:1 (1/2)",
        "T:56 H:0 (1/2)",
        "T:56 H:1 (1/2)",
        "T:57 H:0 (1/2)",
        "T:57 H:1 (1/2)",
        "T:59 H:0 (1/2)",
        "T:60 H:0 (1/2)",
        "T:60 H:1 (1/2)",
        "T:61 H:0 (1/2)",
        "T:62 H:0 (1/2)",
        "T:62 H:1 (1/2)",
        "T:63 H:0 (1/2)",
        "T:64 H:0 (1/2)",
        "T:64 H:1 (1/2)",
        "T:65 H:0 (1/2)",
        "T:66 H:0 (1/2)",
        "T:67 H:0 (1/2)",
        "T:67 H:1 (1/2)",
        "T:68 H:0 (1/2)",
        "T:68 H:1 (1/2)",
        "T:69 H:0 (1/2)",
        "T:69 H:1 (1/2)",
        "T:70 H:0 (1/2)",
        "T:70 H:1 (1/2)",
        "T:71 H:0 (1/2)",
        "T:72 H:0 (1/2)",
        "T:72 H:1 (1/2)",
        "T:73 H:1 (1/2)",
        "T:74 H:0 (1/2)",
        "T:74 H:1 (1/2)",
        "T:75 H:0 (1/2)",
        "T:75 H:1 (1/2)",
        "T:76 H:0 (1/2)",
        "T:76 H:1 (1/2)"
    ],
    "stable_bad_spots": [
        "T:00 H:1",
        "T:02 H:1",
        "T:03 H:1",
        "T:04 H:1",
        "T:05 H:1",
        "T:06 H:1",
        "T:07 H:1",
        "T:08 H:1",
        "T:09 H:1",
        "T:10 H:1",
        "T:11 H:1",
        "T:12 H:1",
        "T:13 H:1",
        "T:14 H:1",
        "T:15 H:1",
        "T:17 H:1",
        "T:18 H:1",
        "T:19 H:1",
        "T:20 H:1",
        "T:21 H:1",
        "T:22 H:1",
        "T:39 H:1",
        "T:40 H:1",
        "T:41 H:0",
        "T:41 H:1",
        "T:42 H:0",
        "T:42 H:1",
        "T:43 H:1",
        "T:44 H:1",
        "T:45 H:1",
        "T:46 H:1",
        "T:47 H:1",
        "T:48 H:0",
        "T:48 H:1",
        "T:49 H:0",
        "T:49 H:1",
        "T:50 H:0",
        "T:54 H:1",
        "T:61 H:1",
        "T:63 H:1",
        "T:73 H:0",
        "T:77 H:0",
        "T:77 H:1",
        "T:78 H:0",
        "T:78 H:1",
        "T:79 H:0",
        "T:79 H:1"
    ],
    "disk_map": [
        "STABLE_OK",
        "STABLE_BAD",
        "STABLE_OK",
        "UNSTABLE",
        "STABLE_OK",
        "STABLE_BAD",
        "UNSTABLE",
        "STABLE_BAD",
        "STABLE_OK",
        "STABLE_BAD",
        "STABLE_OK",
        "STABLE_BAD",
        "STABLE_OK",
        "STABLE_BAD",
        "STABLE_OK",
        "STABLE_BAD",
        "UNSTABLE",
        "STABLE_BAD",
        "UNSTABLE",
        "STABLE_BAD",
        "UNSTABLE",
        "STABLE_BAD",
        "UNSTABLE",
        "STABLE_BAD",
        "UNSTABLE",
        "STABLE_BAD",
        "UNSTABLE",
        "STABLE_BAD",
        "UNSTABLE",
        "STABLE_BAD",
        "UNSTABLE",
        "STABLE_BAD",
        "UNSTABLE",
        "UNSTABLE",
        "UNSTABLE",
        "STABLE_BAD",
        "UNSTABLE",
        "STABLE_BAD",
        "UNSTABLE",
        "STABLE_BAD",
        "UNSTABLE",
        "STABLE_BAD",
        "UNSTABLE",
        "STABLE_BAD",
        "UNSTABLE",
        "STABLE_BAD",
        "UNSTABLE",
        "UNSTABLE",
        "UNSTABLE",
        "UNSTABLE",
        "UNSTABLE",
        "UNSTABLE",
        "UNSTABLE",
        "UNSTABLE",
        "UNSTABLE",
        "UNSTABLE",
        "UNSTABLE",
        "UNSTABLE",
        "UNSTABLE",
        "UNSTABLE",
        "UNSTABLE",
        "UNSTABLE",
        "UNSTABLE",
        "UNSTABLE",
        "UNSTABLE",
        "UNSTABLE",
        "UNSTABLE",
        "UNSTABLE",
        "UNSTABLE",
        "UNSTABLE",
        "UNSTABLE",
        "UNSTABLE",
        "UNSTABLE",
        "UNSTABLE",
        "UNSTABLE",
        "UNSTABLE",
        "UNSTABLE",
        "UNSTABLE",
        "UNSTABLE",
        "STABLE_BAD",
        "UNSTABLE",
        "STABLE_BAD",
        "STABLE_BAD",
        "STABLE_BAD",
        "STABLE_BAD",
        "STABLE_BAD",
        "UNSTABLE",
        "STABLE_BAD",
        "UNSTABLE",
        "STABLE_BAD",
        "UNSTABLE",
        "STABLE_BAD",
        "UNSTABLE",
        "STABLE_BAD",
        "UNSTABLE",
        "STABLE_BAD",
        "STABLE_BAD",
        "STABLE_BAD",
        "STABLE_BAD",
        "STABLE_BAD",
        "STABLE_BAD",
        "UNSTABLE",
        "STABLE_OK",
        "UNSTABLE",
        "UNSTABLE",
        "UNSTABLE",
        "UNSTABLE",
        "UNSTABLE",
        "UNSTABLE",
        "STABLE_BAD",
        "UNSTABLE",
        "UNSTABLE",
        "UNSTABLE",
        "UNSTABLE",
        "UNSTABLE",
        "UNSTABLE",
        "STABLE_OK",
        "STABLE_OK",
        "UNSTABLE",
        "STABLE_OK",
        "UNSTABLE",
        "UNSTABLE",
        "UNSTABLE",
        "STABLE_BAD",
        "UNSTABLE",
        "UNSTABLE",
        "UNSTABLE",
        "STABLE_BAD",
        "UNSTABLE",
        "UNSTABLE",
        "UNSTABLE",
        "STABLE_OK",
        "UNSTABLE",
        "STABLE_OK",
        "UNSTABLE",
        "UNSTABLE",
        "UNSTABLE",
        "UNSTABLE",
        "UNSTABLE",
        "UNSTABLE",
        "UNSTABLE",
        "UNSTABLE",
        "UNSTABLE",
        "STABLE_OK",
        "UNSTABLE",
        "UNSTABLE",
        "STABLE_BAD",
        "UNSTABLE",
        "UNSTABLE",
        "UNSTABLE",
        "UNSTABLE",
        "UNSTABLE",
        "UNSTABLE",
        "UNSTABLE",
        "STABLE_BAD",
        "STABLE_BAD",
        "STABLE_BAD",
        "STABLE_BAD",
        "STABLE_BAD",
        "STABLE_BAD"
    ]
}