{
    "timestamp_str": "2026-01-02 01:54:01",
    "filename_ts": "20260102015401",
    "metadata": {
        "serial": "4B2F14DD",
        "label": "KV3000",
        "fs": "FAT12"
    },
    "unstable_spots": [],
    "stable_bad_spots": [
        "T:00 H:1",
        "T:01 H:0",
        "T:01 H:1",
        "T:02 H:0",
        "T:02 H:1",
        "T:03 H:0",
        "T:03 H:1",
        "T:04 H:0",
        "T:04 H:1",
        "T:05 H:0",
        "T:05 H:1",
        "T:70 H:0",
        "T:70 H:1",
        "T:71 H:0",
        "T:71 H:1",
        "T:72 H:0",
        "T:72 H:1",
        "T:73 H:0",
        "T:73 H:1",
        "T:74 H:0",
        "T:74 H:1",
        "T:75 H:0",
        "T:75 H:1",
        "T:76 H:0",
        "T:76 H:1",
        "T:77 H:0",
        "T:77 H:1",
        "T:78 H:0",
        "T:78 H:1",
        "T:79 H:0",
        "T:79 H:1"
    ],
    "found_files": [],
    "disk_map": [
        "STABLE_OK",
        "STABLE_BAD",
        "STABLE_BAD",
        "STABLE_BAD",
        "STABLE_BAD",
        "STABLE_BAD",
        "STABLE_BAD",
        "STABLE_BAD",
        "STABLE_BAD",
        "STABLE_BAD",
        "STABLE_BAD",
        "STABLE_BAD",
        "STABLE_OK",
        "STABLE_OK",
        "STABLE_OK",
        "STABLE_OK",
        "STABLE_OK",
        "STABLE_OK",
        "STABLE_OK",
        "STABLE_OK",
        "STABLE_OK",
        "STABLE_OK",
        "STABLE_OK",
        "STABLE_OK",
        "STABLE_OK",
        "STABLE_OK",
        "STABLE_OK",
        "STABLE_OK",
        "STABLE_OK",
        "STABLE_OK",
        "STABLE_OK",
        "STABLE_OK",
        "STABLE_OK",
        "STABLE_OK",
        "STABLE_OK",
        "STABLE_OK",
        "STABLE_OK",
        "STABLE_OK",
        "STABLE_OK",
        "STABLE_OK",
        "STABLE_OK",
        "STABLE_OK",
        "STABLE_OK",
        "STABLE_OK",
        "STABLE_OK",
        "STABLE_OK",
        "STABLE_OK",
        "STABLE_OK",
        "STABLE_OK",
        "STABLE_OK",
        "STABLE_OK",
        "STABLE_OK",
        "STABLE_OK",
        "STABLE_OK",
        "STABLE_OK",
        "STABLE_OK",
        "STABLE_OK",
        "STABLE_OK",
        "STABLE_OK",
        "STABLE_OK",
        "STABLE_OK",
        "STABLE_OK",
        "STABLE_OK",
        "STABLE_OK",
        "STABLE_OK",
        "STABLE_OK",
        "STABLE_OK",
        "STABLE_OK",
        "STABLE_OK",
        "STABLE_OK",
        "STABLE_OK",
        "STABLE_OK",
        "STABLE_OK",
        "STABLE_OK",
        "STABLE_OK",
        "STABLE_OK",
        "STABLE_OK",
        "STABLE_OK",
        "STABLE_OK",
        "STABLE_OK",
        "STABLE_OK",
        "STABLE_OK",
        "STABLE_OK",
        "STABLE_OK",
        "STABLE_OK",
        "STABLE_OK",
        "STABLE_OK",
        "STABLE_OK",
        "STABLE_OK",
        "STABLE_OK",
        "STABLE_OK",
        "STABLE_OK",
        "STABLE_OK",
        "STABLE_OK",
        "STABLE_OK",
        "STABLE_OK",
        "STABLE_OK",
        "STABLE_OK",
        "STABLE_OK",
        "STABLE_OK",
        "STABLE_OK",
        "STABLE_OK",
        "STABLE_OK",
        "STABLE_OK",
        "STABLE_OK",
        "STABLE_OK",
        "STABLE_OK",
        "STABLE_OK",
        "STABLE_OK",
        "STABLE_OK",
        "STABLE_OK",
        "STABLE_OK",
        "STABLE_OK",
        "STABLE_OK",
        "STABLE_OK",
        "STABLE_OK",
        "STABLE_OK",
        "STABLE_OK",
        "STABLE_OK",
        "STABLE_OK",
        "STABLE_OK",
        "STABLE_OK",
        "STABLE_OK",
        "STABLE_OK",
        "STABLE_OK",
        "STABLE_OK",
        "STABLE_OK",
        "STABLE_OK",
        "STABLE_OK",
        "STABLE_OK",
        "STABLE_OK",
        "STABLE_OK",
        "STABLE_OK",
        "STABLE_OK",
        "STABLE_OK",
        "STABLE_OK",
        "STABLE_OK",
        "STABLE_OK",
        "STABLE_OK",
        "STABLE_OK",
        "STABLE_BAD",
        "STABLE_BAD",
        "STABLE_BAD",
        "STABLE_BAD",
        "STABLE_BAD",
        "STABLE_BAD",
        "STABLE_BAD",
        "STABLE_BAD",
        "STABLE_BAD",
        "STABLE_BAD",
        "STABLE_BAD",
        "STABLE_BAD",
        "STABLE_BAD",
        "STABLE_BAD",
        "STABLE_BAD",
        "STABLE_BAD",
        "STABLE_BAD",
        "STABLE_BAD",
        "STABLE_BAD",
        "STABLE_BAD"
    ]
}