{
    "timestamp_str": "2026-01-02 01:42:24",
    "filename_ts": "20260102014224",
    "metadata": {
        "serial": "UNKNOWN",
        "label": "NO_LABEL",
        "fs": "FAT12"
    },
    "unstable_spots": [
        "T:05 H:0 (2/3)",
        "T:05 H:1 (2/3)",
        "T:06 H:0 (2/3)",
        "T:07 H:0 (2/3)",
        "T:07 H:1 (1/3)",
        "T:09 H:0 (2/3)",
        "T:09 H:1 (2/3)",
        "T:20 H:0 (2/3)",
        "T:21 H:0 (2/3)",
        "T:22 H:0 (2/3)",
        "T:22 H:1 (2/3)",
        "T:28 H:0 (1/3)",
        "T:28 H:1 (2/3)",
        "T:62 H:0 (2/3)",
        "T:66 H:0 (1/3)"
    ],
    "stable_bad_spots": [
        "T:00 H:0",
        "T:00 H:1",
        "T:01 H:0",
        "T:01 H:1",
        "T:02 H:0",
        "T:02 H:1",
        "T:03 H:0",
        "T:03 H:1",
        "T:04 H:0",
        "T:04 H:1",
        "T:33 H:0",
        "T:33 H:1",
        "T:34 H:0",
        "T:34 H:1",
        "T:35 H:0",
        "T:35 H:1",
        "T:66 H:1",
        "T:75 H:0",
        "T:75 H:1"
    ],
    "found_files": [],
    "disk_map": [
        "STABLE_BAD",
        "STABLE_BAD",
        "STABLE_BAD",
        "STABLE_BAD",
        "STABLE_BAD",
        "STABLE_BAD",
        "STABLE_BAD",
        "STABLE_BAD",
        "STABLE_BAD",
        "STABLE_BAD",
        "UNSTABLE",
        "UNSTABLE",
        "UNSTABLE",
        "STABLE_OK",
        "UNSTABLE",
        "UNSTABLE",
        "STABLE_OK",
        "STABLE_OK",
        "UNSTABLE",
        "UNSTABLE",
        "STABLE_OK",
        "STABLE_OK",
        "STABLE_OK",
        "STABLE_OK",
        "STABLE_OK",
        "STABLE_OK",
        "STABLE_OK",
        "STABLE_OK",
        "STABLE_OK",
        "STABLE_OK",
        "STABLE_OK",
        "STABLE_OK",
        "STABLE_OK",
        "STABLE_OK",
        "STABLE_OK",
        "STABLE_OK",
        "STABLE_OK",
        "STABLE_OK",
        "STABLE_OK",
        "STABLE_OK",
        "UNSTABLE",
        "STABLE_OK",
        "UNSTABLE",
        "STABLE_OK",
        "UNSTABLE",
        "UNSTABLE",
        "STABLE_OK",
        "STABLE_OK",
        "STABLE_OK",
        "STABLE_OK",
        "STABLE_OK",
        "STABLE_OK",
        "STABLE_OK",
        "STABLE_OK",
        "STABLE_OK",
        "STABLE_OK",
        "UNSTABLE",
        "UNSTABLE",
        "STABLE_OK",
        "STABLE_OK",
        "STABLE_OK",
        "STABLE_OK",
        "STABLE_OK",
        "STABLE_OK",
        "STABLE_OK",
        "STABLE_OK",
        "STABLE_BAD",
        "STABLE_BAD",
        "STABLE_BAD",
        "STABLE_BAD",
        "STABLE_BAD",
        "STABLE_BAD",
        "STABLE_OK",
        "STABLE_OK",
        "STABLE_OK",
        "STABLE_OK",
        "STABLE_OK",
        "STABLE_OK",
        "STABLE_OK",
        "STABLE_OK",
        "STABLE_OK",
        "STABLE_OK",
        "STABLE_OK",
        "STABLE_OK",
        "STABLE_OK",
        "STABLE_OK",
        "STABLE_OK",
        "STABLE_OK",
        "STABLE_OK",
        "STABLE_OK",
        "STABLE_OK",
        "STABLE_OK",
        "STABLE_OK",
        "STABLE_OK",
        "STABLE_OK",
        "STABLE_OK",
        "STABLE_OK",
        "STABLE_OK",
        "STABLE_OK",
        "STABLE_OK",
        "STABLE_OK",
        "STABLE_OK",
        "STABLE_OK",
        "STABLE_OK",
        "STABLE_OK",
        "STABLE_OK",
        "STABLE_OK",
        "STABLE_OK",
        "STABLE_OK",
        "STABLE_OK",
        "STABLE_OK",
        "STABLE_OK",
        "STABLE_OK",
        "STABLE_OK",
        "STABLE_OK",
        "STABLE_OK",
        "STABLE_OK",
        "STABLE_OK",
        "STABLE_OK",
        "STABLE_OK",
        "STABLE_OK",
        "STABLE_OK",
        "STABLE_OK",
        "STABLE_OK",
        "UNSTABLE",
        "STABLE_OK",
        "STABLE_OK",
        "STABLE_OK",
        "STABLE_OK",
        "STABLE_OK",
        "STABLE_OK",
        "STABLE_OK",
        "UNSTABLE",
        "STABLE_BAD",
        "STABLE_OK",
        "STABLE_OK",
        "STABLE_OK",
        "STABLE_OK",
        "STABLE_OK",
        "STABLE_OK",
        "STABLE_OK",
        "STABLE_OK",
        "STABLE_OK",
        "STABLE_OK",
        "STABLE_OK",
        "STABLE_OK",
        "STABLE_OK",
        "STABLE_OK",
        "STABLE_OK",
        "STABLE_OK",
        "STABLE_BAD",
        "STABLE_BAD",
        "STABLE_OK",
        "STABLE_OK",
        "STABLE_OK",
        "STABLE_OK",
        "STABLE_OK",
        "STABLE_OK",
        "STABLE_OK",
        "STABLE_OK"
    ]
}